0,12,-166,1910,17,59,-72
1,-806,-168,1326,7,-28,-87
2,-656,-137,1492,-7,-147,-51
3,-517,-144,1546,21,-249,-37
4,-316,-186,1657,1,-30,-237
5,-316,-172,1594,-12,-25,-233
6,-557,-197,1488,-4,68,-170
7,-461,-190,1551,12,-30,-134
8,-386,-169,1617,-5,-20,-70
9,-394,-173,1596,9,-7,-22
10,-395,-185,1593,16,-7,34
11,-404,-176,1600,15,-12,17
12,-405,-169,1598,-1,-27,4
13,-389,-182,1598,-5,-47,22
14,-403,-172,1604,-6,-43,37
15,-416,-184,1598,-3,-32,31
16,-400,-177,1608,-8,-34,27
17,-411,-183,1612,-7,-43,17
18,-399,-184,1607,-7,-38,16
19,-392,-177,1601,-17,-29,-5
20,-456,-280,1565,-11,-54,-7
21,-396,-190,1598,1,-40,-3
22,-388,-181,1614,-6,-39,-7
23,-321,-195,1643,5,19,-7
24,-359,-176,1620,6,-40,9
25,-395,-178,1590,4,-53,8
26,-380,-190,1596,-1,-36,8
27,-384,-175,1594,1,-23,10
28,-391,-185,1597,-3,-26,10
29,-390,-179,1598,1,-19,22
30,-388,-183,1599,-2,-19,39
31,-398,-175,1587,-3,-16,28
32,-399,-182,1601,0,-21,34
33,-395,-181,1603,-1,-20,36
34,-386,-185,1599,-8,-29,17
35,-385,-181,1607,-2,-26,-1
36,-388,-184,1611,-1,-29,-1
37,-385,-181,1602,-2,-23,-2
38,-395,-181,1606,-2,-27,-3
39,-393,-174,1602,3,-24,-5
40,-392,-174,1607,-2,-28,0
41,-401,-180,1595,2,-27,2
42,-393,-185,1607,-4,-28,-3
43,-396,-179,1584,-3,-29,-1
44,-387,-179,1603,-2,-25,-1
45,-390,-175,1598,-5,-25,0
46,-394,-176,1604,-3,-21,-3
47,-391,-182,1594,-9,-26,0
48,-389,-183,1609,-7,-25,-2
49,-392,-180,1606,-3,-29,0
50,-391,-177,1597,-5,-29,5
51,-393,-178,1607,-3,-28,3
52,-393,-175,1585,-4,-25,9
53,-398,-177,1595,-3,-22,10
54,-379,-175,1614,1,-28,11
55,-387,-182,1600,-3,-28,5
56,-398,-177,1611,-4,-31,-1
57,-391,-187,1599,-4,-26,-2
58,-380,-186,1608,-4,-25,1
59,-395,-181,1607,-4,-29,-2
60,-391,-180,1587,-3,-27,0
61,-386,-177,1599,-7,-25,0
62,-398,-176,1597,1,-27,5
63,-396,-188,1604,-3,-21,3
64,-396,-178,1604,-4,-29,-4
65,-396,-182,1609,-1,-28,-3
66,-388,-186,1604,1,-26,-8
67,-397,-186,1593,4,-31,2
68,-394,-177,1608,6,-27,-2
69,-381,-172,1606,-2,-19,1
70,-395,-166,1591,-4,-4,11
71,-307,-193,1654,-16,59,11
72,-402,-178,1588,-2,-13,12
73,-410,-186,1577,7,-29,8
74,-405,-184,1582,-5,-22,2
75,-398,-180,1594,-7,-26,2
76,-398,-184,1596,-1,-26,0
77,-391,-185,1597,-2,-24,8
78,-402,-180,1607,-1,-22,3
79,-402,-175,1599,-4,-26,0
80,-391,-182,1616,-4,-29,4
81,-407,-183,1590,-1,-30,2
82,-393,-189,1595,-1,-18,0
83,-397,-182,1617,-2,-22,5
84,-409,-181,1604,-5,-26,1
85,-395,-187,1601,0,-23,-2
86,-396,-176,1584,0,-27,1
87,-395,-185,1594,-3,-22,3
88,-414,-181,1599,-5,-22,-4
89,-412,-175,1598,-2,-28,0
90,-399,-189,1614,-2,-31,2
91,-404,-178,1594,-6,-32,-2
92,-397,-174,1587,-3,-22,-5
93,-404,-174,1606,-2,-23,0
94,-391,-174,1604,-5,-28,1
95,-394,-179,1594,-4,-26,-3
96,-389,-175,1600,-2,-24,-1
97,-397,-188,1612,-8,-28,-1
98,-401,-185,1599,3,-30,-5
99,-395,-177,1594,-5,-22,-6
100,-392,-177,1600,-2,-29,-9
101,-396,-174,1597,-4,-30,-6
102,-389,-175,1614,-6,-26,-4
103,-403,-176,1610,-11,-28,0
104,-401,-189,1606,1,-32,1
105,-399,-188,1594,5,-30,4
106,-393,-179,1611,0,-21,1
107,-409,-181,1598,-1,-16,-2
108,-400,-179,1601,-3,-28,-3
109,-395,-184,1610,2,-22,3
110,-394,-180,1603,-1,-27,0
111,-396,-172,1608,-2,-27,0
112,-400,-173,1609,-1,-25,0
113,-398,-188,1616,2,-28,-3
114,-390,-179,1607,-2,-25,-3
115,-394,-182,1609,0,-28,-1
116,-405,-186,1614,1,-25,-8
117,-397,-179,1595,-4,-26,-1
118,-391,-187,1598,-8,-26,-4
119,-400,-174,1599,-2,-34,-1
120,-397,-179,1598,-2,-23,-7
121,-397,-179,1601,4,-17,4
122,-407,-186,1576,15,-24,13
123,-377,-180,1604,14,-24,8
124,-410,-172,1602,7,-33,16
125,-411,-177,1596,12,-28,25
126,-459,-180,1560,-18,-92,59
127,-515,66,1595,21,9,-3
128,-300,-194,1672,-20,122,7
129,-507,-169,1530,-4,-75,-1
130,-347,-183,1632,-25,-35,7
131,-420,-177,1573,-8,-23,17
132,-408,-181,1595,-10,-42,4
133,-389,-177,1610,-8,-20,-4
134,-305,-174,1659,-2,27,-5
135,-423,-171,1585,-4,-29,15
136,-396,-169,1608,12,-31,3
137,-403,-176,1604,-5,-26,-18
138,-416,-168,1592,-19,-55,-4
139,-330,-193,1659,-65,50,47
140,-400,-185,1607,9,-95,-15
141,-383,-185,1611,-12,-80,-32
142,-405,-179,1585,-33,-80,-14
143,-393,-188,1606,-15,-123,-31
144,-391,-103,1585,-14,-102,46
145,-404,-208,1599,-10,-104,28
146,-431,-71,1542,-4,-150,109
147,-417,-115,1602,14,-110,150
148,-258,-254,1610,2,-44,57
149,-336,-199,1623,-22,32,1
150,-359,-285,1609,-43,9,-58
151,-345,-195,1599,-6,-21,-23
152,-372,-195,1592,-31,-14,-29
153,-297,-214,1594,-19,-12,-17
154,-317,-185,1590,4,-51,-9
155,-341,-195,1598,4,-38,-6
156,-317,-209,1600,-6,-24,-33
157,-353,-198,1600,-9,4,8
158,-382,-191,1602,-30,-28,5
159,-347,-207,1610,-21,-27,19
160,-318,-217,1571,-19,-4,2
161,-414,-182,1585,-30,31,5
162,-362,-208,1595,-10,-9,-1
163,-362,-195,1591,5,28,-13
164,-371,-194,1598,0,14,-2
165,-381,-206,1606,1,-7,-8
166,-364,-205,1604,-12,-3,3
167,-365,-198,1612,7,22,4
168,-371,-194,1588,27,31,-10
169,-381,-198,1598,23,18,-5
170,-400,-193,1606,37,19,-3
171,-407,-184,1603,15,-6,-11
172,-398,-189,1602,-6,-5,-7
173,-391,-197,1581,-10,13,9
174,-391,-197,1612,17,-27,-13
175,-389,-181,1605,24,-28,-31
176,-372,-183,1604,1,-6,-25
177,-389,-190,1608,20,-36,0
178,-392,-178,1594,80,-104,-15
179,-374,-167,1616,26,-101,-14
180,-357,-153,1601,15,-101,-20
181,-369,-211,1611,27,-62,-24
182,-430,-143,1603,-4,-41,32
183,-371,-164,1587,-34,16,42
184,-380,-180,1580,-61,70,37
185,-380,-175,1608,-69,103,73
186,-400,-196,1616,-70,79,28
187,-378,-180,1619,-32,95,11
188,-414,-185,1608,-5,80,4
189,-424,-196,1615,-28,65,26
190,-429,-197,1597,-39,29,16
191,-420,-189,1604,-17,17,-8
192,-433,-216,1605,-41,49,-5
193,-443,-208,1587,30,64,-69
194,-416,-209,1628,-9,149,-157
195,-451,-180,1610,-67,542,76
196,-528,-210,1581,-118,580,241
197,-552,-194,1623,-87,788,184
198,-605,-212,1607,-3,805,84
199,-471,-265,1707,143,1230,55
200,-689,-231,1610,128,504,8
201,-775,-183,1589,51,435,2
202,-814,-191,1559,60,376,-56
203,-823,-190,1557,29,226,-39
204,-819,-178,1576,46,346,-25
205,-950,-270,1551,21,384,-130
206,-845,-130,1552,90,366,-173
207,-895,-182,1548,62,250,-123
208,-1155,-226,1327,63,-16,-43
209,-1151,-162,1284,-12,-51,-101
210,-850,-174,1520,-38,101,18
211,-939,-192,1552,-151,221,69
212,-987,-190,1519,-104,154,55
213,-981,-203,1509,-86,227,23
214,-1034,-206,1518,-178,302,-10
215,-942,-189,1569,-103,281,-57
216,-997,-143,1645,-95,414,-107
217,-1028,-258,1534,-152,505,-158
218,-1051,-299,1568,-314,601,-180
219,-1226,-360,1507,-84,469,-134
220,-1335,-275,1232,-69,491,-220
221,-1387,-442,1286,108,457,-55
222,-1216,-300,1453,92,384,-18
223,-1222,-287,1435,143,181,-64
224,-1301,-276,1388,87,146,65
225,-1343,-292,1375,32,107,75
226,-1331,-271,1377,22,224,85
227,-1341,-263,1362,18,223,120
228,-1383,-256,1347,7,99,192
229,-1322,-358,1354,-52,164,273
230,-1421,-233,1343,13,270,165
231,-1426,-233,1312,24,234,145
232,-1415,-213,1364,47,182,243
233,-1416,-213,1339,30,285,167
234,-1479,-204,1277,-5,311,168
235,-1877,-149,1147,5,434,219
236,-1285,-175,1477,-115,551,124
237,-2010,-253,834,4,278,-88
238,-1442,-202,1392,8,477,-51
239,-1451,-180,1338,44,502,-77
240,-1560,-206,1287,59,633,-124
241,-1733,-218,1197,27,1053,-89
242,-1642,-188,1154,72,832,-177
243,-1801,-204,1029,163,365,-208
244,-1795,-213,1080,53,317,-68
245,-2020,-179,801,-21,334,25
246,-1859,-228,1006,-7,-80,39
247,-2263,-237,700,-47,103,47
248,-1759,-209,1142,-98,161,91
249,-1816,-230,956,-162,518,136
250,-1913,-176,835,-118,438,49
251,-1987,-227,833,-107,362,56
252,-2181,-227,704,-25,-109,13
253,-1825,-198,1065,-30,359,-9
254,-1927,-219,891,-63,471,-10
255,-1975,-235,859,-19,132,-16
256,-1959,-236,887,26,-5,-16
257,-1970,-218,898,74,-128,-55
258,-1882,-208,963,54,-100,-26
259,-2300,-227,558,-2,-236,9
260,-2214,-317,601,-24,960,-59
261,-1593,-183,1165,-16,370,13
262,-2068,-279,840,-11,209,44
263,-1938,-263,883,-41,661,16
264,-2061,-219,705,-73,727,-5
265,-2049,-227,741,-43,421,-20
266,-2154,-231,667,-26,263,-8
267,-2110,-228,699,-8,263,-7
268,-2098,-232,693,-15,136,-5
269,-2229,-250,554,-12,180,-11
270,-2173,-242,613,-6,239,-14
271,-2111,-243,649,-36,85,19
272,-2160,-239,625,-5,-12,10
273,-2161,-274,606,-26,173,21
274,-2097,-237,677,-37,321,1
275,-2226,-244,538,-37,88,19
276,-2187,-248,579,-7,47,4
277,-2139,-262,637,3,135,34
278,-2106,-229,640,-56,239,31
279,-2201,-241,566,-98,254,54
280,-2220,-238,551,-92,253,38
281,-2215,-236,532,-34,372,-1
282,-2205,-235,505,-25,322,-2
283,-2229,-242,484,-34,371,-3
284,-2252,-258,448,-2,405,-13
285,-2267,-234,405,5,415,-20
286,-2254,-241,386,-39,378,10
287,-2294,-244,361,-9,307,12
288,-2318,-239,334,-24,404,11
289,-2329,-246,301,-31,346,8
290,-2329,-244,270,-20,363,7
291,-2314,-241,274,-8,348,1
292,-2325,-235,237,-19,338,15
293,-2330,-237,222,-5,548,6
294,-2353,-235,169,8,580,-1
295,-2380,-243,113,-18,564,7
296,-2385,-248,64,-18,513,7
297,-2437,-243,3,0,382,12
298,-2438,-280,-50,-6,359,1
299,-2421,-231,-35,-24,248,9
300,-2422,-247,-12,-13,271,1
301,-2374,-244,-25,-30,583,5
302,-2388,-225,-77,-40,602,10
303,-2393,-236,-120,-43,455,15
304,-2381,-223,-102,-29,528,11
305,-2472,-226,-186,-19,647,15
306,-2359,-223,-205,-76,542,28
307,-2480,-228,-309,-234,475,53
308,-2493,-247,-381,-160,282,29
309,-2466,-222,-365,-176,288,25
310,-2451,-240,-357,-174,164,57
311,-2494,-234,-404,-90,168,21
312,-2485,-239,-419,-12,93,11
313,-2443,-232,-411,-22,176,10
314,-2480,-230,-448,-32,222,5
315,-2430,-242,-475,9,137,-5
316,-2483,-227,-459,0,70,4
317,-2490,-225,-501,-9,151,-24
318,-2421,-236,-431,29,-4,2
319,-2427,-224,-447,14,68,0
320,-2466,-226,-493,-20,53,-3
321,-2467,-232,-492,-7,-21,4
322,-2467,-228,-499,-7,-47,-3
323,-2465,-233,-488,-6,-26,-2
324,-2471,-242,-493,1,-25,3
325,-2467,-227,-498,4,-45,-5
326,-2465,-229,-496,1,-7,-4
327,-2465,-244,-497,5,-43,0
328,-2465,-229,-487,2,-64,6
329,-2466,-223,-479,-3,-42,1
330,-2469,-223,-491,-9,20,-9
331,-2469,-238,-504,4,-4,3
332,-2471,-239,-506,10,-19,5
333,-2463,-226,-490,11,9,2
334,-2468,-233,-498,15,5,-3
335,-2462,-238,-494,14,-12,2
336,-2462,-228,-500,-1,-11,4
337,-2463,-227,-505,-6,40,-2
338,-2431,-242,-532,-1,71,-7
339,-2503,-238,-533,-28,34,3
340,-2478,-244,-542,-45,-35,3
341,-2471,-241,-508,-17,-66,2
342,-2469,-227,-514,-19,-33,2
343,-2435,-230,-488,-26,50,6
344,-2481,-236,-525,-27,-42,0
345,-2472,-231,-505,-22,-49,2
346,-2471,-231,-513,-28,-19,0
347,-2475,-231,-519,-12,-18,3
348,-2467,-234,-513,-8,-12,2
349,-2471,-232,-512,-4,-9,-2
350,-2472,-229,-504,8,-18,5
351,-2448,-226,-522,-10,0,0
352,-2476,-238,-519,0,-14,-2
353,-2457,-234,-507,11,4,4
354,-2462,-235,-513,19,52,-3
355,-2465,-237,-530,24,52,-3
356,-2466,-232,-542,18,16,3
357,-2473,-230,-528,10,-33,3
358,-2467,-240,-540,-12,32,2
359,-2478,-238,-558,-8,32,-3
360,-2462,-235,-552,10,11,0
361,-2460,-237,-551,6,6,1
362,-2464,-235,-543,4,28,2
363,-2471,-231,-559,-4,17,4
364,-2471,-231,-558,4,-11,4
365,-2461,-233,-568,23,-20,4
366,-2467,-239,-560,13,-14,7
367,-2464,-230,-554,-9,-18,2
368,-2464,-223,-571,-13,-24,3
369,-2459,-230,-555,-22,-51,5
370,-2472,-221,-558,-44,-12,-2
371,-2472,-234,-561,-26,-27,0
372,-2458,-240,-543,-29,-28,0
373,-2442,-228,-539,-31,-1,0
374,-2470,-230,-568,-27,-22,0
375,-2448,-226,-547,-28,-31,1
376,-2466,-229,-572,-30,-42,-5
377,-2489,-236,-582,-7,-12,3
378,-2454,-232,-574,-5,-5,2
379,-2459,-231,-567,6,-15,-3
380,-2460,-237,-566,11,2,2
381,-2478,-238,-584,13,-36,0
382,-2480,-225,-579,20,33,-2
383,-2435,-238,-597,14,19,-8
384,-2446,-233,-610,17,104,9
385,-2399,-260,-524,-1,117,-8
386,-2458,-217,-578,15,-70,0
387,-2390,-230,-541,16,64,0
388,-2505,-235,-633,9,21,3
389,-2491,-234,-630,-2,-1,4
390,-2455,-222,-592,-6,-13,2
391,-2481,-239,-607,-3,-4,2
392,-2453,-229,-588,3,-35,0
393,-2467,-226,-600,3,-52,4
394,-2464,-237,-598,11,-88,2
395,-2464,-229,-585,1,-98,-2
396,-2467,-232,-589,-8,-29,-2
397,-2469,-236,-596,7,-44,5
398,-2461,-238,-583,7,-46,0
399,-2467,-234,-586,7,-29,1
400,-2470,-230,-594,17,-83,-1
401,-2467,-233,-577,24,-88,1
402,-2446,-235,-565,2,-38,-3
403,-2474,-227,-608,4,-57,-1
404,-2469,-238,-564,0,-58,4
405,-2477,-231,-582,-5,-42,-2
406,-2469,-242,-573,-7,-37,-1
407,-2474,-243,-574,-5,-13,3
408,-2466,-232,-576,-8,-10,1
409,-2465,-235,-578,-4,-8,1
410,-2471,-240,-583,-5,-16,3
411,-2464,-236,-587,-3,-18,3
412,-2467,-238,-571,-9,-5,2
413,-2467,-236,-588,-8,-25,4
414,-2461,-241,-579,-4,-38,-1
415,-2460,-232,-594,-8,-11,2
416,-2464,-240,-583,-2,-4,0
417,-2459,-232,-576,-2,-35,-1
418,-2465,-240,-581,-10,-44,3
419,-2469,-233,-584,-24,-22,5
420,-2477,-233,-581,-8,-33,1
421,-2471,-234,-584,-2,-26,-1
422,-2474,-238,-592,-1,2,-2
423,-2477,-240,-582,7,-28,1
424,-2462,-232,-576,-4,-21,1
425,-2465,-235,-583,-6,-7,-2
426,-2467,-229,-586,-4,-48,-1
427,-2467,-236,-579,-7,-52,1
428,-2435,-239,-581,-26,23,-5
429,-2483,-247,-605,-31,-17,6
430,-2445,-229,-578,-42,5,2
431,-2454,-239,-585,-54,16,-2
432,-2462,-231,-603,-62,19,-7
433,-2458,-232,-582,-38,-13,1
434,-2487,-242,-615,-22,-29,-1
435,-2473,-232,-582,10,-24,4
436,-2458,-232,-584,-5,-9,-2
437,-2463,-233,-602,2,-12,0
438,-2460,-229,-603,9,-9,2
439,-2464,-229,-607,9,-23,1
440,-2471,-236,-596,2,-41,4
441,-2468,-231,-594,-17,-33,0
442,-2466,-233,-598,-16,-14,1
443,-2464,-234,-614,-6,-38,2
444,-2467,-237,-607,-10,-34,0
445,-2466,-234,-592,1,-11,5
446,-2463,-236,-587,3,-7,7
447,-2467,-236,-602,1,-13,1
448,-2461,-245,-591,-4,-16,3
449,-2464,-238,-600,-4,-24,2
450,-2468,-236,-589,-3,-25,3
451,-2471,-237,-608,-4,-31,1
452,-2458,-225,-595,-1,-32,0
453,-2466,-235,-610,-4,-23,1
454,-2464,-231,-611,1,-44,1
455,-2458,-231,-587,-6,-15,3
456,-2467,-234,-597,-7,-3,0
457,-2471,-232,-610,2,-39,0
458,-2470,-228,-604,-7,-31,5
459,-2467,-234,-597,-14,-22,1
460,-2467,-247,-597,-1,-14,1
461,-2471,-239,-609,0,-12,0
462,-2449,-231,-589,5,-24,-1
463,-2460,-229,-612,7,-9,2
464,-2465,-226,-607,-5,-30,0
465,-2473,-231,-598,-11,-26,-2
466,-2463,-230,-599,-9,-27,3
467,-2465,-236,-592,-15,-34,-4
468,-2461,-240,-603,-15,-15,2
469,-2461,-239,-582,4,-47,-4
470,-2470,-235,-588,-2,-16,-1
471,-2473,-239,-612,-2,9,-1
472,-2456,-234,-587,4,-11,-2
473,-2463,-236,-601,-2,-43,5
474,-2464,-231,-617,4,-3,3
475,-2470,-230,-618,9,-13,1
476,-2449,-231,-604,1,-30,0
477,-2468,-238,-604,-2,-24,1
478,-2467,-231,-612,-2,-9,0
479,-2459,-230,-601,1,-24,5
480,-2454,-227,-587,7,-29,3
481,-2462,-235,-622,-3,-44,2
482,-2466,-228,-601,-14,-46,0
483,-2458,-225,-613,-48,-50,0
484,-2460,-236,-620,-71,-48,8
485,-2454,-241,-606,-67,-54,-2
486,-2465,-237,-608,-72,-131,4
487,-2482,-226,-614,-33,-86,-2
488,-2495,-236,-595,-4,-128,-7
489,-2470,-231,-581,14,-143,0
490,-2464,-242,-582,-6,-219,-2
491,-2472,-241,-574,-16,-236,-3
492,-2463,-231,-542,1,-260,0
493,-2461,-240,-533,-2,-321,-6
494,-2493,-222,-524,-27,-431,-15
495,-2470,-236,-479,-25,-340,-25
496,-2449,-235,-445,-26,-326,-26
497,-2456,-238,-412,-31,-359,-16
498,-2470,-243,-392,-24,-352,-11
499,-2464,-247,-356,4,-351,-16
500,-2481,-245,-378,6,-384,-7
501,-2459,-243,-326,27,-485,-9
502,-2446,-242,-245,83,-529,-10
503,-2476,-257,-277,190,-503,-22
504,-2430,-218,-164,518,-755,-61
505,-2446,-239,-143,341,-742,-40
506,-2404,-231,-48,219,-589,-33
507,-2411,-237,-15,228,-548,-43
508,-2370,-228,60,91,-461,-11
509,-2535,-268,-131,82,-648,-20
510,-2508,-235,-10,46,-533,5
511,-2487,-226,-13,4,-875,3
512,-2340,-228,185,25,-745,3
513,-2307,-247,210,-30,-933,-2
514,-2280,-237,315,31,-602,-4
515,-2271,-231,364,25,-736,-7
516,-2276,-228,379,40,-608,-12
517,-2268,-243,411,24,-504,-11
518,-2248,-237,426,13,-484,1
519,-2256,-235,450,1,-552,4
520,-2223,-243,510,-15,-540,16
521,-2176,-242,567,-35,-504,26
522,-2209,-221,513,-18,-491,16
523,-2176,-234,582,-14,-493,22
524,-2115,-231,656,-3,-414,13
525,-2128,-222,638,11,-336,-4
526,-2121,-248,666,16,-356,-4
527,-2101,-228,708,12,-367,-4
528,-2106,-233,688,20,-364,-8
529,-2049,-230,748,1,-271,1
530,-2063,-227,734,-25,-336,24
531,-2050,-234,769,-14,-409,15
532,-2025,-230,802,-5,-341,12
533,-2025,-223,787,-10,-362,15
534,-2004,-225,841,-22,-268,17
535,-2000,-237,844,-11,-245,20
536,-1987,-234,845,3,-261,4
537,-1989,-224,846,-10,-240,6
538,-1965,-227,869,9,-229,-2
539,-1971,-214,867,18,-255,-9
540,-1948,-229,898,13,-277,-7
541,-1915,-231,934,8,-278,-8
542,-1943,-229,910,14,-312,-6
543,-1914,-228,952,9,-405,11
544,-1881,-231,980,-2,-391,9
545,-1865,-238,975,-22,-262,23
546,-1865,-223,994,-4,-302,19
547,-1848,-229,999,4,-266,10
548,-1818,-226,1029,-3,-291,17
549,-1824,-224,1030,0,-317,3
550,-1807,-223,1039,3,-309,2
551,-1807,-225,1036,5,-382,4
552,-1768,-223,1087,15,-386,0
553,-1784,-226,1059,14,-392,2
554,-1725,-230,1109,16,-394,-12
555,-1703,-225,1142,16,-383,-7
556,-1695,-215,1139,16,-342,-7
557,-1675,-220,1146,33,-374,-35
558,-1631,-229,1190,25,-385,-19
559,-1671,-222,1162,8,-409,1
560,-1536,-214,1276,31,-314,-24
561,-1535,-233,1307,32,-322,-9
562,-1599,-218,1198,36,-268,20
563,-1551,-202,1255,77,-405,21
564,-1535,-200,1271,59,-514,36
565,-1501,-198,1279,29,-519,6
566,-1456,-197,1333,18,-452,-13
567,-1410,-187,1348,-4,-456,-38
568,-1392,-199,1350,-22,-430,-60
569,-1373,-206,1349,-16,-344,-61
570,-1359,-212,1370,-21,-347,-76
571,-1325,-213,1397,-9,-332,-97
572,-1337,-223,1378,-17,-299,-111
573,-1284,-217,1409,11,-415,-173
574,-1270,-230,1420,69,-534,-188
575,-1194,-230,1456,151,-549,-172
576,-1190,-201,1448,89,-487,-126
577,-1173,-208,1470,41,-429,-95
578,-1142,-235,1451,3,-368,-69
579,-1128,-229,1475,34,-346,-126
580,-1068,-209,1509,69,-354,52
581,-1080,-219,1479,-19,-327,163
582,-1055,-270,1491,17,-459,191
583,-1004,-82,1414,51,-521,-2
584,-990,-157,1098,-46,-840,160
585,-1327,-175,1242,-211,-342,-101
586,-789,-156,1681,-160,-602,-268
587,-1006,-263,1459,-59,-508,-234
588,-976,-299,1459,-63,-270,-125
589,-842,-299,1574,7,-264,-154
590,-866,-263,1522,57,-236,-34
591,-794,-269,1564,91,-335,28
592,-746,-282,1588,108,-441,-16
593,-799,-238,1548,217,-334,25
594,-557,-169,1728,270,-422,55
595,-956,-207,1364,304,-660,-284
596,-978,223,1569,-277,-882,-1033
597,-509,-165,1613,-170,-552,-468
598,-593,-292,1605,-137,-233,-8
599,-548,-218,1589,-112,-276,-18
600,-494,-250,1621,-124,-351,24
601,-554,-240,1588,36,-83,75
602,-645,-275,1494,238,-162,64
603,-417,-235,1754,269,-155,50
604,-489,-129,1583,84,-195,22
605,-483,-195,1604,-46,-103,7
606,-507,-263,1599,7,-95,7
607,-487,-212,1593,13,-28,-29
608,-478,-205,1599,-23,-24,-21
609,-478,-216,1591,-42,-69,-25
610,-479,-193,1576,-32,-66,-27
611,-468,-198,1612,7,-55,-28
612,-476,-212,1593,-22,-57,-7
613,-445,-263,1598,60,-61,0
614,-480,-188,1576,9,-24,-19
615,-469,-203,1592,1,-47,-23
616,-448,-208,1604,33,-27,-8
617,-464,-190,1608,25,-17,-7
618,-438,-188,1609,-1,-30,-27
619,-439,-215,1615,-38,15,13
620,-392,-190,1679,-94,-133,-26
621,-732,-243,1409,-103,-113,-143
622,-550,-277,1498,-3,-40,-37
623,-420,-212,1643,28,-24,-28
624,-486,-223,1574,47,-52,-10
625,-476,-208,1579,15,-27,0
626,-465,-203,1593,11,-28,27
627,-446,-200,1611,35,-24,24
628,-453,-201,1592,34,-37,12
629,-449,-209,1603,64,-58,16
630,-453,-187,1610,51,-28,52
631,-575,-189,1504,50,-100,40
632,-449,-191,1608,22,-6,15
633,-497,-197,1560,18,-72,14
634,-468,-164,1549,20,-106,15
635,-430,-189,1619,41,-10,16
636,-441,-188,1624,27,-27,-32
637,-490,-190,1595,6,-39,-12
638,-522,-246,1318,14,-299,-54
639,-397,-184,1608,-3,86,12
640,-490,-174,1565,-4,-63,4
641,-435,-191,1586,11,-42,-2
642,-450,-167,1565,8,-3,2
643,-435,-171,1603,12,-26,4
644,-475,-171,1557,-3,-31,-3
645,-425,-179,1608,3,-35,-14
646,-383,-197,1601,0,-5,0
647,-490,-168,1583,14,-35,0
648,-438,-188,1610,-1,-56,-21
649,-482,-183,1559,-5,-52,-48
650,-416,-176,1617,-45,-17,-39
651,-468,-213,1600,-61,-50,-52
652,-448,-192,1602,-79,-67,-48
653,-424,-194,1601,-67,-28,-9
654,-544,-204,1549,-27,-64,-5
655,-413,-198,1619,-43,-10,24
656,-440,-196,1585,-10,-20,-4
657,-433,-203,1589,-10,-3,1
658,-434,-199,1608,36,-33,66
659,-444,-191,1605,17,13,62
660,-430,-189,1614,22,2,47
661,-512,-194,1542,49,-111,70
662,-450,-184,1605,3,48,30
663,-472,-188,1591,13,-40,-13
664,-464,-173,1578,-17,-31,-59
665,-420,-185,1622,-70,-18,-38
666,-404,-200,1620,-34,-43,-15
667,-428,-196,1605,-30,-65,-11
668,-439,-210,1600,-8,-14,25
669,-446,-200,1609,-2,-20,25
670,-426,-192,1611,12,-29,22
671,-455,-199,1585,11,-22,16
672,-447,-181,1593,33,-32,31
673,-454,-186,1596,24,-3,8
674,-445,-188,1616,5,-17,3
675,-459,-196,1599,12,-32,12
676,-456,-186,1602,6,-23,-1
677,-443,-192,1600,-2,-23,4
678,-454,-190,1615,-1,-33,6
679,-448,-188,1592,-15,-44,4
680,-450,-185,1593,-24,-36,-9
681,-447,-194,1590,-12,-35,1
682,-443,-205,1615,-17,-33,12
683,-450,-191,1589,-10,-24,0
684,-457,-199,1604,-11,-8,3
685,-446,-187,1609,-6,-22,-4
686,-434,-192,1598,2,-19,-13
687,-450,-191,1596,-17,-33,1
688,-450,-197,1597,-7,-46,2
689,-447,-192,1603,0,-33,-6
690,-437,-196,1605,-20,-30,4
691,-435,-198,1609,-17,-31,-7
692,-425,-200,1602,-10,-31,-9
693,-426,-198,1598,-17,-11,2
694,-431,-206,1601,-34,-26,-15
695,-429,-200,1613,-30,-8,9
696,-457,-201,1606,-15,-29,-1
697,-441,-215,1610,0,-26,0
698,-455,-216,1609,-20,-22,-4
699,-444,-214,1587,-12,-13,9
700,-444,-203,1602,30,-60,2
701,-429,-197,1604,3,-34,4
702,-438,-212,1596,2,-26,27
703,-435,-195,1595,-8,-11,27
704,-444,-204,1614,-14,4,3
705,-451,-209,1600,-4,-17,-11
706,-446,-210,1605,-25,1,-10
707,-454,-198,1587,-37,5,-6
708,-493,-203,1576,-21,-43,1
709,-455,-211,1601,-14,-9,-7
710,-456,-219,1602,6,-59,13
711,-436,-206,1618,-16,-19,18
712,-430,-205,1622,-5,-20,16
713,-451,-206,1595,11,-26,5
714,-458,-222,1588,-1,-54,7
715,-441,-210,1610,5,-12,-5
716,-456,-204,1595,17,-51,-21
717,-446,-219,1606,34,-45,-7
718,-431,-193,1598,45,-68,-5
719,-443,-201,1599,26,-65,-3
720,-431,-192,1586,21,-58,20
721,-436,-186,1603,28,-86,18
722,-429,-204,1599,17,-71,25
723,-591,-197,1480,-23,-95,27
724,-374,-200,1657,3,35,-8
725,-341,-196,1667,2,84,60
726,-489,-222,1559,0,-38,10
727,-391,-192,1636,10,-54,-1
728,-431,-201,1580,-20,-17,1
729,-458,-177,1581,10,-270,-14
730,-539,-200,1521,2,-91,-16
731,-344,-164,1628,-10,17,-29
732,-487,-179,1557,-16,-96,24
733,-422,-196,1605,-61,28,21
734,-394,-198,1609,-60,28,16
735,-445,-210,1595,-42,26,-9
736,-444,-209,1592,-50,13,-28
737,-439,-218,1605,-25,-12,-15
738,-444,-222,1601,-13,-5,-3
739,-440,-219,1604,7,-26,-11
740,-455,-205,1593,12,-26,6
741,-448,-210,1590,1,-27,4
742,-444,-206,1615,1,-29,2
743,-446,-208,1607,-5,-38,-8
744,-450,-212,1592,-10,-36,0
745,-443,-216,1596,-1,-33,-10
746,-421,-221,1608,15,-42,-17
747,-448,-205,1591,8,-46,-4
748,-419,-198,1619,20,-25,-15
749,-440,-207,1594,-14,-32,1
750,-421,-209,1604,12,-35,1
751,-443,-206,1586,-2,-47,17
752,-427,-192,1608,-9,-40,28
753,-465,-208,1567,-12,-45,29
754,-429,-195,1597,-50,-9,22
755,-411,-212,1598,-66,30,18
756,-443,-222,1607,-65,44,14
757,-581,-252,1519,-10,-81,30
758,-362,-223,1654,-4,47,-4
759,-499,-206,1557,16,-47,10
760,-412,-213,1617,22,-38,7
761,-374,-205,1647,42,-7,-20
762,-468,-231,1578,55,-133,-92
763,-475,-199,1589,53,-93,-32
764,-419,-230,1642,78,-91,-2
765,-528,-180,1817,76,-272,-62
766,-387,-228,1421,102,-646,19
767,-372,-186,1520,49,-307,18
768,-243,-179,1608,11,50,50
769,-349,-199,1561,-5,332,54
770,-383,-187,1598,9,503,50
771,-483,-208,1576,-16,20,3
772,-369,-186,1660,-19,96,14
773,-509,-186,1580,-39,0,42
774,-412,-185,1562,-6,-2,18
775,-418,-193,1635,-43,29,-14
776,-552,-189,1531,-74,-2,-1
777,-448,-209,1620,-64,-52,15
778,-458,-212,1619,-42,-20,-14
779,-413,-196,1637,-18,36,-2
780,-460,-207,1614,1,-4,7
781,-550,-229,1541,27,-60,4
782,-406,-189,1639,27,-45,4
783,-502,-212,1564,13,-30,-6
784,-455,-201,1593,5,-50,-25
785,-450,-190,1589,1,-23,-24
786,-463,-192,1600,29,-36,-21
787,-455,-193,1599,29,-29,-11
788,-456,-194,1590,44,-15,9
789,-500,-163,1578,31,2,31
790,-479,-183,1569,47,-82,30
791,-419,-182,1622,84,-30,7
792,-388,-177,1632,84,21,-8
793,-479,-166,1572,82,-43,-8
794,-421,-159,1609,80,-34,3
795,-459,-163,1600,74,-42,14
796,-441,-160,1594,56,-13,13
797,-460,-156,1588,53,8,-9
798,-432,-153,1606,11,44,0
799,-618,-106,1520,52,61,-41
800,-429,-158,1602,189,36,10
801,-494,-104,1590,253,150,97
802,-497,-89,1579,281,113,30
803,-481,-79,1612,276,139,58
804,-481,-63,1623,353,158,31
805,-438,-52,1631,414,245,291
806,-558,-11,1577,394,176,227
807,-534,17,1601,421,41,149
808,-537,61,1576,396,5,161
809,-539,79,1594,379,5,123
810,-530,127,1555,447,-95,289
811,-528,153,1558,348,-115,102
812,-513,158,1550,307,-108,39
813,-507,190,1569,334,-67,53
814,-543,223,1533,309,-43,82
815,-497,234,1560,245,-59,30
816,-528,251,1558,186,-51,-5
817,-488,263,1562,173,-21,-22
818,-541,258,1555,243,-69,-13
819,-478,294,1558,227,-57,-29
820,-534,315,1530,212,-48,-31
821,-515,331,1538,299,-37,14
822,-519,364,1493,333,-47,23
823,-513,357,1524,288,-71,-20
824,-504,393,1519,341,-76,-14
825,-498,422,1498,292,-75,-32
826,-481,440,1489,237,-66,17
827,-482,460,1499,180,-51,6
828,-517,461,1474,85,-38,35
829,-497,466,1488,80,-14,46
830,-495,456,1508,105,-58,-14
831,-488,478,1501,158,-47,8
832,-570,431,1507,256,-42,17
833,-452,501,1538,360,-109,14
834,-550,520,1440,353,-107,47
835,-423,570,1475,295,-13,58
836,-456,565,1439,255,-60,16
837,-450,583,1490,234,-33,44
838,-453,627,1460,226,-43,54
839,-462,631,1446,290,-48,60
840,-435,647,1432,356,-60,61
841,-435,678,1412,259,31,2
842,-469,688,1386,179,6,12
843,-455,691,1404,183,-38,-9
844,-477,720,1392,205,12,4
845,-446,703,1387,215,9,11
846,-477,734,1370,251,1,14
847,-460,744,1383,287,3,29
848,-444,766,1386,345,5,5
849,-472,796,1331,361,22,19
850,-562,757,1186,390,-147,18
851,-523,847,1281,498,100,38
852,-391,908,1365,568,-1,36
853,-337,912,1369,509,102,36
854,-523,937,1228,492,-20,29
855,-449,970,1253,340,4,11
856,-476,983,1241,294,-5,11
857,-473,992,1234,324,-8,12
858,-477,1021,1207,314,-16,8
859,-675,1080,1119,431,-135,16
860,-410,1089,1156,605,147,51
861,-498,967,1205,837,1,102
862,-449,1169,1095,765,39,39
863,-497,1198,1034,613,-3,21
864,-480,1226,1029,474,-9,-1
865,-491,1253,1002,327,-29,-4
866,-478,1242,1043,373,-34,-30
867,-481,1269,989,513,-35,-12
868,-502,1309,937,470,-60,-33
869,-493,1323,954,549,-56,-33
870,-492,1377,866,566,-89,-35
871,-526,1356,871,629,-68,-44
872,-449,1432,813,630,-115,-113
873,-475,1474,735,218,-200,-135
874,-502,1437,802,256,-89,-39
875,-491,1454,788,344,-51,-63
876,-465,1490,757,268,-76,-49
877,-515,1475,739,308,-135,-61
878,-495,1480,733,321,-19,11
879,-479,1499,712,482,-11,8
880,-485,1534,680,474,-10,-10
881,-515,1563,587,422,-13,15
882,-488,1579,593,297,-4,9
883,-496,1563,625,425,-4,14
884,-484,1600,560,483,-81,-17
885,-497,1601,574,533,-60,-14
886,-479,1628,509,615,-69,-18
887,-520,1630,471,757,-90,-19
888,-509,1685,403,674,-101,-25
889,-492,1718,344,581,-2,10
890,-546,1583,589,709,-276,15
891,-564,1766,162,594,-37,17
892,-457,1741,272,488,55,16
893,-520,1767,157,603,58,38
894,-474,1769,191,527,52,39
895,-500,1784,126,513,46,36
896,-479,1804,83,495,74,34
897,-487,1795,64,368,157,63
898,-468,1798,78,415,151,57
899,-538,1810,-3,445,14,50
900,-488,1825,-10,497,-21,49
901,-492,1833,-75,513,28,97
902,-411,1805,-576,533,184,90
903,-541,1890,-188,691,-379,-22
904,-268,1889,-79,300,77,-6
905,-610,1859,-309,252,-156,-11
906,-513,1876,-266,261,-78,-20
907,-432,1861,-163,209,12,-36
908,-499,1876,-289,205,7,-4
909,-461,1862,-241,193,-33,14
910,-467,1866,-252,191,-39,0
911,-524,1912,-240,352,-105,-21
912,-577,1874,-384,202,-26,25
913,-348,1885,-192,232,303,-54
914,-306,1879,-238,248,-44,10
915,-597,1889,-463,168,-108,-1
916,-384,1881,-294,208,169,9
917,-575,1885,-489,206,-166,12
918,-505,1871,-423,214,36,7
919,-370,1884,-365,220,105,2
920,-476,1869,-433,222,16,-5
921,-479,1888,-439,219,49,21
922,-547,1874,-520,186,-68,21
923,-589,1917,-606,137,-74,20
924,-284,1969,-349,76,166,-8
925,-587,1893,-577,0,-94,-12
926,-441,1892,-467,-64,89,-28
927,-464,1887,-487,-60,-60,-22
928,-509,1890,-518,-2,-76,-9
929,-492,1884,-496,11,-4,3
930,-481,1881,-486,45,-49,4
931,-478,1885,-508,23,-39,-1
932,-490,1889,-502,-8,-19,-3
933,-453,1885,-471,-24,1,-17
934,-509,1874,-530,4,-79,1
935,-456,1883,-483,-7,-19,-7
936,-473,1899,-485,27,-44,-5
937,-516,1879,-504,-9,-51,-6
938,-477,1887,-471,-14,-19,4
939,-504,1892,-494,-14,-47,-1
940,-493,1893,-496,-9,-36,4
941,-458,1886,-469,-29,-16,-8
942,-488,1886,-494,-20,-37,-4
943,-481,1876,-478,-6,-16,4
944,-465,1884,-483,21,-43,6
945,-501,1887,-518,-8,7,-6
946,-497,1880,-500,31,-47,2
947,-454,1892,-467,7,14,-4
948,-495,1888,-490,-21,1,-13
949,-503,1885,-517,-36,-21,-15
950,-517,1896,-499,-27,0,-5
951,-499,1868,-471,-15,-18,3
952,-513,1881,-509,12,-29,5
953,-469,1901,-482,-3,-27,0
954,-487,1882,-505,-8,-25,1
955,-483,1875,-475,-17,-19,2
956,-498,1883,-490,-12,-23,2
957,-479,1876,-473,-27,-9,2
958,-477,1882,-495,-6,-26,8
959,-477,1885,-474,-8,-25,5
960,-488,1882,-485,-9,-38,7
961,-475,1887,-478,-11,-16,3
962,-507,1886,-503,-24,-63,-3
963,-494,1878,-489,7,-22,6
964,-481,1880,-469,5,-50,2
965,-474,1883,-474,-8,-8,0
966,-498,1882,-474,10,-38,-1
967,-467,1879,-457,11,-21,-2
968,-496,1887,-501,20,-51,2
969,-471,1887,-480,11,-28,2
970,-492,1889,-487,4,-25,1
971,-467,1886,-479,-19,-19,-4
972,-486,1878,-482,-25,-33,0
973,-482,1879,-461,8,-8,6
974,-505,1891,-499,11,-27,6
975,-455,1884,-462,6,-16,7
976,-490,1888,-495,-10,-25,3
977,-474,1892,-470,-11,-17,3
978,-499,1882,-502,-3,-42,7
979,-465,1891,-486,-15,-6,2
980,-486,1883,-473,-22,-43,-1
981,-481,1878,-483,-19,-26,-3
982,-459,1883,-459,-10,-16,-1
983,-461,1885,-467,4,-42,6
984,-484,1876,-478,27,-24,6
985,-487,1886,-482,12,-38,-2
986,-484,1887,-482,-37,-4,-11
987,-467,1886,-453,6,-15,5
988,-398,1881,-412,32,-11,11
989,-564,1888,-547,21,-111,3
990,-450,1881,-471,-53,39,-8
991,-490,1873,-462,-30,-42,-8
992,-495,1891,-485,1,0,2
993,-515,1891,-513,0,-38,2
994,-472,1894,-471,-15,-31,4
995,-490,1885,-473,11,-19,1
996,-473,1882,-470,32,-39,7
997,-458,1886,-472,73,-51,12
998,-516,1879,-519,61,-69,12
999,-493,1885,-502,49,-16,3
1000,-448,1889,-480,46,-43,-4
1001,-439,1890,-477,-30,-53,-15
1002,-496,1879,-485,-8,-51,-13
1003,-532,1876,-523,27,-58,-11
1004,-527,1869,-530,50,-18,1
1005,-446,1881,-482,37,26,13
1006,-501,1874,-511,48,-70,7
1007,-513,1884,-547,39,-23,11
1008,-473,1895,-523,26,-10,0
1009,-482,1880,-528,-7,-31,-5
1010,-496,1889,-531,-3,-11,-3
1011,-480,1879,-507,1,-12,3
1012,-484,1882,-512,-1,-23,-8
1013,-493,1877,-525,0,-39,-4
1014,-432,1884,-501,-7,-53,-8
1015,-537,1880,-561,-19,-57,-6
1016,-488,1878,-506,-20,-10,-5
1017,-465,1884,-507,21,-8,1
1018,-497,1889,-525,-5,-48,-2
1019,-503,1882,-533,-23,-34,-1
1020,-484,1869,-509,-23,-1,0
1021,-476,1886,-502,3,-33,6
1022,-491,1881,-525,2,-37,1
1023,-478,1882,-498,7,-18,-4
1024,-492,1876,-516,16,-28,4
1025,-470,1879,-495,36,-41,7
1026,-480,1877,-530,19,-46,4
1027,-480,1886,-521,8,-39,9
1028,-476,1889,-514,-16,-26,-3
1029,-491,1882,-518,4,-33,0
1030,-493,1879,-527,22,-36,8
1031,-497,1886,-535,-5,-28,2
1032,-475,1880,-498,8,-7,4
1033,-457,1880,-486,14,-15,6
1034,-467,1884,-516,22,-59,10
1035,-521,1880,-566,-3,-54,5
1036,-455,1887,-492,-30,-6,0
1037,-497,1879,-523,-20,-57,6
1038,-502,1892,-528,-12,-31,10
1039,-493,1886,-513,12,-29,6
1040,-478,1887,-512,28,-33,7
1041,-483,1887,-526,26,-39,8
1042,-505,1883,-568,45,-82,9
1043,-420,1895,-505,-5,36,4
1044,-502,1879,-534,-6,-62,0
1045,-475,1877,-516,5,-16,-5
1046,-468,1887,-516,-15,-43,-5
1047,-501,1879,-531,-21,-56,-11
1048,-529,1876,-542,-3,-62,-5
1049,-487,1878,-513,10,-12,3
1050,-451,1884,-507,2,-50,-2
1051,-509,1885,-549,22,-47,12
1052,-488,1881,-528,27,-23,10
1053,-470,1885,-523,41,-46,10
1054,-486,1889,-528,5,-48,3
1055,-478,1891,-524,-8,-16,5
1056,-472,1893,-524,-14,-20,-3
1057,-494,1884,-531,-10,-30,2
1058,-492,1885,-530,23,-30,3
1059,-479,1884,-539,12,-9,-2
1060,-475,1887,-539,2,4,-9
1061,-481,1885,-545,-46,-41,-9
1062,-491,1878,-551,-22,-37,-14
1063,-506,1903,-567,-24,-7,11
1064,-423,1887,-475,-11,-93,-3
1065,-550,1884,-591,-20,-92,-3
1066,-531,1889,-557,-11,-32,2
1067,-460,1882,-511,1,-9,6
1068,-488,1879,-533,11,-43,9
1069,-468,1880,-510,33,-33,10
1070,-470,1886,-531,37,-61,12
1071,-481,1884,-540,37,-33,7
1072,-477,1886,-561,13,-30,4
1073,-483,1885,-533,-36,-29,2
1074,-494,1883,-541,-18,-25,-4
1075,-484,1887,-520,-2,-30,-3
1076,-481,1885,-535,1,-38,-5
1077,-485,1892,-535,-35,-39,-15
1078,-511,1881,-541,-70,-43,-10
1079,-476,1884,-520,-36,-22,-8
1080,-477,1889,-523,-20,-24,-4
1081,-488,1886,-530,-61,-26,-11
1082,-481,1884,-533,-45,-22,1
1083,-468,1887,-532,-37,-10,-4
1084,-461,1885,-494,-40,-130,1
1085,-558,1891,-564,-83,-85,-4
1086,-510,1884,-514,-107,-27,-1
1087,-499,1889,-499,-101,17,-9
1088,-462,1889,-481,-171,35,-13
1089,-488,1896,-486,-233,-3,-16
1090,-466,1876,-406,-209,-7,-9
1091,-481,1877,-410,-197,-46,-14
1092,-463,1881,-381,-197,-16,-11
1093,-447,1874,-366,-187,-26,-12
1094,-461,1885,-387,-232,-33,-11
1095,-511,1887,-399,-269,-66,-6
1096,-523,1880,-361,-281,-80,-12
1097,-566,1849,-339,-213,-121,-4
1098,-555,1881,-372,-227,-92,2
1099,-403,1877,-209,-256,83,-3
1100,-489,1869,-255,-243,-77,-9
1101,-530,1858,-271,-202,-84,-9
1102,-446,1864,-179,-215,22,-8
1103,-480,1865,-200,-255,-58,-9
1104,-483,1867,-194,-256,-47,-3
1105,-516,1852,-197,-237,-17,-1
1106,-473,1850,-142,-255,-5,-10
1107,-547,1844,-179,-341,-24,-11
1108,-483,1849,-87,-316,-78,-6
1109,-593,1835,-147,-342,-85,-1
1110,-497,1822,-52,-342,33,-5
1111,-346,1831,116,-328,153,-16
1112,-360,1831,84,-294,-36,-12
1113,-581,1833,-82,-337,-217,-5
1114,-595,1815,-50,-373,62,-13
1115,-339,1798,206,-383,58,-3
1116,-592,1788,28,-302,-176,9
1117,-510,1797,120,-231,60,6
1118,-504,1803,100,-208,-75,21
1119,-489,1783,172,-177,-29,13
1120,-524,1826,69,-261,-27,4
1121,-560,1821,52,-258,21,17
1122,-464,1793,158,-362,13,7
1123,-591,1763,136,-418,0,8
1124,-470,1761,255,-537,-31,10
1125,-512,1737,271,-565,2,17
1126,-409,1689,436,-456,28,11
1127,-539,1692,334,-448,-101,10
1128,-200,1654,686,-445,309,6
1129,-541,1740,244,-414,-136,0
1130,-419,1705,422,-444,114,4
1131,-432,1661,481,-419,-79,-12
1132,-504,1621,510,-373,-93,-8
1133,-511,1606,520,-377,-52,0
1134,-590,1581,520,-324,-49,-6
1135,-459,1593,616,-294,11,12
1136,-468,1636,527,-351,3,18
1137,-480,1585,598,-313,-46,5
1138,-495,1554,623,-244,-24,9
1139,-537,1546,619,-215,-53,13
1140,-512,1554,611,-280,6,10
1141,-474,1528,696,-330,-1,3
1142,-477,1581,577,-430,30,25
1143,-492,1486,741,-435,31,36
1144,-487,1477,753,-332,-8,39
1145,-536,1457,734,-374,9,33
1146,-477,1480,777,-439,30,31
1147,-503,1435,783,-675,-46,8
1148,-536,1409,800,-644,-115,-9
1149,-502,1343,911,-494,-75,-29
1150,-491,1356,913,-415,-17,-8
1151,-475,1331,933,-453,-15,-4
1152,-555,1316,855,-728,-145,-23
1153,-553,1264,906,-984,-159,-117
1154,-375,1194,1156,-1050,-227,-163
1155,-648,1204,964,-888,-189,-79
1156,-26,965,1759,-923,-48,-250
1157,-656,1105,1039,-651,-193,-86
1158,-575,865,1158,-685,-167,-126
1159,-660,830,1186,-621,-254,-175
1160,-597,941,1179,-524,-33,-162
1161,-226,989,1483,-370,199,-124
1162,-383,854,1399,-391,82,-10
1163,-477,846,1210,-511,-47,-3
1164,-286,791,1468,-457,120,-22
1165,-446,760,1390,-444,35,1
1166,-319,1044,1324,-663,-503,-133
1167,-369,657,1549,-372,48,-17
1168,-637,648,1327,-321,21,-16
1169,-444,609,1507,-197,87,-21
1170,-428,645,1463,-113,-14,-24
1171,-547,619,1399,-179,-122,-28
1172,-599,586,1362,-325,10,-35
1173,-369,550,1603,-397,111,-58
1174,-487,565,1442,-435,-79,-53
1175,-644,505,1377,-538,-14,-55
1176,-489,187,1699,-624,236,-93
1177,-419,389,1587,-523,11,-146
1178,-664,393,1373,-547,-187,-109
1179,-709,339,1318,-846,-11,-341
1180,-582,194,1527,-829,135,-271
1181,-579,182,1547,-884,203,-234
1182,-776,2,1642,-502,-180,-40
1183,-570,54,1593,-152,-92,-45
1184,-561,72,1562,-362,-223,37
1185,-550,59,1597,-241,-145,-8
1186,-464,40,1629,-392,-227,-99
1187,-432,-12,1658,-487,-254,-121
1188,-524,-78,1594,-236,-148,-78
1189,-798,1305,1987,-12,-34,499
1190,-441,-131,1633,-366,-209,-70
1191,-430,-132,1623,-275,-162,-23
1192,-480,-150,1584,-43,-39,6
1193,-375,-158,1646,100,-181,129
1194,-840,-83,1519,-105,-294,215
1195,-645,-70,1562,-536,-431,-7
1196,-394,-144,1639,-30,-43,15
1197,-431,-171,1600,-50,-81,-9
1198,-456,-170,1576,-18,-30,-3
1199,-459,-151,1588,-32,-34,10
1200,-517,-132,1534,-58,-158,-15
1201,-359,-179,1591,-39,-289,-23
1202,-337,-132,1613,-52,-561,-30
1203,-322,-178,1582,-81,30,-27
1204,-317,-214,1601,-28,-57,-26
1205,-318,-193,1613,39,-2,7
1206,-334,-172,1602,65,-2,-22
1207,-1568,-134,1103,-23,-371,413
1208,-315,-194,1592,7,-16,24
1209,-314,-171,1616,-7,15,17
1210,-346,-166,1578,-10,28,43
1211,-334,-164,1588,2,65,20
1212,-382,-164,1573,15,37,-6
1213,-348,-169,1593,10,10,-3
1214,-356,-162,1603,33,30,3
1215,-341,-172,1599,32,16,3
1216,-350,-156,1596,21,-25,-2
1217,-352,-163,1596,1,-77,-6
1218,-354,-159,1605,1,-48,12
1219,-341,-147,1594,-16,-46,12
1220,-345,-161,1597,-25,-79,9
1221,-343,-165,1598,2,-59,0
1222,-348,-162,1605,-4,-17,-5
1223,-336,-157,1574,-13,-22,2
1224,-345,-160,1591,-19,-58,-8
1225,-342,-174,1606,-20,-50,2
1226,-326,-161,1611,-4,-35,6
1227,-332,-167,1599,25,-17,0
1228,-340,-154,1600,7,-39,12
1229,-339,-160,1608,-7,-40,25
1230,-341,-161,1598,6,-24,17
1231,-341,-150,1596,-3,-39,17
1232,-326,-160,1604,2,-28,0
1233,-320,-161,1590,-22,-34,-7
1234,-329,-163,1594,-16,-22,-7
1235,-327,-166,1600,-7,-22,8
1236,-322,-175,1611,10,-21,4
1237,-341,-161,1613,14,-32,21
1238,-334,-161,1602,12,-26,6
1239,-335,-165,1614,3,-29,9
1240,-340,-157,1593,2,-17,3
1241,-321,-168,1610,-5,-20,9
1242,-318,-164,1601,-21,-43,0
1243,-332,-166,1601,-8,-37,-8
1244,-335,-167,1606,18,-16,-3
1245,-333,-167,1595,5,-7,13
1246,-339,-155,1596,17,-20,7
1247,-332,-160,1581,6,-19,2
1248,-334,-150,1587,-10,-30,18
1249,-341,-159,1575,-10,-46,4
1250,-332,-167,1603,-8,-35,2
1251,-335,-163,1600,-15,-30,22
1252,-332,-160,1604,0,-22,8
1253,-324,-163,1600,2,-29,5
1254,-331,-172,1591,-7,-27,11
1255,-331,-162,1612,-5,-27,9
1256,-323,-163,1601,-2,-25,3
1257,-330,-169,1587,-9,-35,-2
1258,-339,-160,1594,-4,-24,6
1259,-336,-166,1586,-2,-15,3
1260,-338,-158,1607,-9,-22,1
1261,-334,-156,1605,-12,-29,8
1262,-334,-155,1586,-4,-20,0
1263,-339,-160,1588,-8,-30,0
1264,-336,-157,1614,-4,-24,9
1265,-331,-163,1610,3,-22,11
1266,-326,-172,1603,1,-23,8
1267,-346,-157,1601,-2,-23,2
1268,-336,-163,1593,-3,-23,4
1269,-337,-163,1585,0,-22,3
1270,-336,-174,1596,4,-21,3
1271,-341,-156,1601,-2,-24,6
1272,-340,-165,1610,0,-21,5
1273,-341,-160,1593,0,-29,5
1274,-332,-166,1599,0,-27,0
1275,-326,-162,1606,-3,-25,3
1276,-334,-159,1605,1,-21,9
1277,-333,-169,1608,-6,-26,8
1278,-343,-158,1592,5,-28,12
1279,-337,-159,1594,6,-20,7
1280,-333,-169,1585,-1,-22,4
1281,-333,-159,1607,1,-24,4
1282,-339,-165,1585,-1,-22,7
1283,-336,-161,1597,-3,-30,7
1284,-339,-163,1601,-4,-24,1
1285,-342,-162,1609,2,-20,2
1286,-336,-160,1618,3,-20,0
1287,-335,-161,1610,-1,-22,8
1288,-331,-158,1595,6,-23,2
1289,-334,-152,1599,-3,-31,1
1290,-338,-163,1586,4,-27,6
1291,-336,-163,1604,-1,-28,8
1292,-332,-168,1594,-6,-36,6
1293,-344,-165,1607,2,-30,1
1294,-342,-148,1588,-8,-26,4
1295,-343,-161,1605,-10,-24,-2
1296,-340,-159,1604,-7,-26,16
1297,-344,-165,1605,3,-23,-5
1298,-347,-150,1598,-10,-31,-2
1299,-341,-171,1595,-14,-28,6
1300,-342,-160,1593,-11,-29,5
1301,-348,-153,1595,-5,-26,5
1302,-340,-156,1588,-5,-28,10
1303,-333,-167,1592,2,-25,6
1304,-328,-151,1594,-4,-25,8
1305,-330,-158,1596,-8,-25,4
1306,-331,-162,1595,-5,-25,6
1307,-339,-171,1595,0,-25,1
1308,-335,-157,1593,-1,-23,-3
1309,-344,-155,1597,-8,-25,5
1310,-334,-157,1612,-2,-28,8
1311,-329,-159,1617,-2,-31,7
1312,-337,-164,1604,-3,-29,1
1313,-339,-159,1600,0,-26,2
1314,-332,-164,1604,2,-21,3
1315,-334,-153,1598,2,-20,2
1316,-333,-161,1597,5,-19,7
1317,-331,-162,1579,1,-20,2
1318,-341,-159,1607,-4,-31,10
1319,-342,-161,1598,-8,-30,13
1320,-336,-161,1607,-15,-36,10
1321,-336,-165,1605,-4,-25,3
